ID,Name,Finger Count,Image Path
23e6f729,23e6f729,1,captured_images\23e6f729.jpg
245eb174,245eb174,1,captured_images\245eb174.jpg
fbd7f5d5,fbd7f5d5,1,captured_images\fbd7f5d5.jpg
10aafd17,10aafd17,1,captured_images\10aafd17.jpg
00b63ec6,00b63ec6,1,captured_images\00b63ec6.jpg
0b8ca849,0b8ca849,1,captured_images\0b8ca849.jpg
3ddd29a4,3ddd29a4,1,captured_images\3ddd29a4.jpg
189d9ecc,189d9ecc,1,captured_images\189d9ecc.jpg
b2c2ed83,b2c2ed83,1,captured_images\b2c2ed83.jpg
0032e6e0,0032e6e0,1,captured_images\0032e6e0.jpg
808d04c3,808d04c3,1,captured_images\808d04c3.jpg
9bceaec8,9bceaec8,1,captured_images\9bceaec8.jpg
d2f965a6,d2f965a6,1,captured_images\d2f965a6.jpg
30b4c4d8,30b4c4d8,1,captured_images\30b4c4d8.jpg
6e467e87,6e467e87,1,captured_images\6e467e87.jpg
c0621503,c0621503,1,captured_images\c0621503.jpg
36660cbc,36660cbc,1,captured_images\36660cbc.jpg
9dd320b9,9dd320b9,1,captured_images\9dd320b9.jpg
a60c669a,a60c669a,1,captured_images\a60c669a.jpg
19ec0c36,19ec0c36,1,captured_images\19ec0c36.jpg
db0452ae,db0452ae,1,captured_images\db0452ae.jpg
b71bd106,b71bd106,1,captured_images\b71bd106.jpg
6f5c5758,6f5c5758,1,captured_images\6f5c5758.jpg
aac6b311,aac6b311,1,captured_images\aac6b311.jpg
6056100,6056100,1,captured_images\06056100.jpg
d988fc15,d988fc15,1,captured_images\d988fc15.jpg
7058e2ed,7058e2ed,1,captured_images\7058e2ed.jpg
9ba1edc4,9ba1edc4,1,captured_images\9ba1edc4.jpg
841b45fa,841b45fa,1,captured_images\841b45fa.jpg
def6fdca,def6fdca,1,captured_images\def6fdca.jpg
b388c900,b388c900,1,captured_images\b388c900.jpg
fe8a74f5,fe8a74f5,1,captured_images\fe8a74f5.jpg
4752183e,4752183e,1,captured_images\4752183e.jpg
bc93ad60,bc93ad60,1,captured_images\bc93ad60.jpg
5cea2907,5cea2907,1,captured_images\5cea2907.jpg
688abe3d,688abe3d,1,captured_images\688abe3d.jpg
05a791b5,05a791b5,1,captured_images\05a791b5.jpg
f9c29a58,f9c29a58,1,captured_images\f9c29a58.jpg
4ca1f5df,4ca1f5df,1,captured_images\4ca1f5df.jpg
56367066,56367066,1,captured_images\56367066.jpg
640af5de,640af5de,1,captured_images\640af5de.jpg
8974a149,8974a149,1,captured_images\8974a149.jpg
2e1107d8,2e1107d8,1,captured_images\2e1107d8.jpg
effa6cac,effa6cac,1,captured_images\effa6cac.jpg
a480357e,a480357e,1,captured_images\a480357e.jpg
daed5789,daed5789,1,captured_images\daed5789.jpg
e6f96f1d,e6f96f1d,1,captured_images\e6f96f1d.jpg
d14db78f,d14db78f,1,captured_images\d14db78f.jpg
0306b045,0306b045,1,captured_images\0306b045.jpg
cfc72e61,cfc72e61,1,captured_images\cfc72e61.jpg
e5b69d43,e5b69d43,1,captured_images\e5b69d43.jpg
34c30a29,34c30a29,1,captured_images\34c30a29.jpg
83657ac9,83657ac9,1,captured_images\83657ac9.jpg
fd88fb65,fd88fb65,1,captured_images\fd88fb65.jpg
ad44f0fc,ad44f0fc,1,captured_images\ad44f0fc.jpg
728df46a,728df46a,1,captured_images\728df46a.jpg
fb4a0fe2,fb4a0fe2,1,captured_images\fb4a0fe2.jpg
889a54c7,889a54c7,1,captured_images\889a54c7.jpg
2534a8c7,2534a8c7,1,captured_images\2534a8c7.jpg
86d2c7f8,86d2c7f8,1,captured_images\86d2c7f8.jpg
c63c7039,c63c7039,1,captured_images\c63c7039.jpg
defe92a1,defe92a1,1,captured_images\defe92a1.jpg
9bc11d27,9bc11d27,1,captured_images\9bc11d27.jpg
833e3ceb,833e3ceb,1,captured_images\833e3ceb.jpg
a090f02f,a090f02f,1,captured_images\a090f02f.jpg
42322550,42322550,1,captured_images\42322550.jpg
ca6b7a63,ca6b7a63,1,captured_images\ca6b7a63.jpg
7368105f,7368105f,1,captured_images\7368105f.jpg
c3cb9351,c3cb9351,1,captured_images\c3cb9351.jpg
f6ea8be6,f6ea8be6,1,captured_images\f6ea8be6.jpg
449a4136,449a4136,1,captured_images\449a4136.jpg
3c998f69,3c998f69,1,captured_images\3c998f69.jpg
fece572f,fece572f,1,captured_images\fece572f.jpg
ae301160,ae301160,1,captured_images\ae301160.jpg
8894e3bb,8894e3bb,1,captured_images\8894e3bb.jpg
34770812,34770812,1,captured_images\34770812.jpg
99e142a0,99e142a0,1,captured_images\99e142a0.jpg
07d8193f,07d8193f,1,captured_images\07d8193f.jpg
8a6a0b2a,8a6a0b2a,1,captured_images\8a6a0b2a.jpg
e67a61d6,e67a61d6,1,captured_images\e67a61d6.jpg
7ee77366,7ee77366,1,captured_images\7ee77366.jpg
82ea1767,82ea1767,1,captured_images\82ea1767.jpg
4a2d13f5,4a2d13f5,1,captured_images\4a2d13f5.jpg
61615d11,61615d11,1,captured_images\61615d11.jpg
928275b7,928275b7,1,captured_images\928275b7.jpg
bc6cae3a,bc6cae3a,1,captured_images\bc6cae3a.jpg
68e760a2,68e760a2,1,captured_images\68e760a2.jpg
57c59895,57c59895,1,captured_images\57c59895.jpg
60f864e9,60f864e9,1,captured_images\60f864e9.jpg
b5899f77,b5899f77,1,captured_images\b5899f77.jpg
6eb43a29,6eb43a29,1,captured_images\6eb43a29.jpg
648071a3,648071a3,1,captured_images\648071a3.jpg
5832aefd,5832aefd,1,captured_images\5832aefd.jpg
91036aad,91036aad,1,captured_images\91036aad.jpg
a150234d,a150234d,1,captured_images\a150234d.jpg
7f50711f,7f50711f,1,captured_images\7f50711f.jpg
19b53360,19b53360,1,captured_images\19b53360.jpg
1c3c8de2,1c3c8de2,1,captured_images\1c3c8de2.jpg
40899ed4,40899ed4,1,captured_images\40899ed4.jpg
6613f469,6613f469,1,captured_images\6613f469.jpg
1cdf0ec1,1cdf0ec1,1,captured_images\1cdf0ec1.jpg
36afde1e,36afde1e,1,captured_images\36afde1e.jpg
1039606,1039606,1,captured_images\01039606.jpg
8465e524,8465e524,1,captured_images\8465e524.jpg
d470f668,d470f668,1,captured_images\d470f668.jpg
a67c9893,a67c9893,1,captured_images\a67c9893.jpg
075db35a,075db35a,1,captured_images\075db35a.jpg
bce9a753,bce9a753,1,captured_images\bce9a753.jpg
0ea0e8d2,0ea0e8d2,1,captured_images\0ea0e8d2.jpg
f42679f3,f42679f3,1,captured_images\f42679f3.jpg
7375b982,7375b982,1,captured_images\7375b982.jpg
b52e9fbf,b52e9fbf,1,captured_images\b52e9fbf.jpg
9b98ef73,9b98ef73,1,captured_images\9b98ef73.jpg
cd6abc20,cd6abc20,1,captured_images\cd6abc20.jpg
0aab2fc7,0aab2fc7,1,captured_images\0aab2fc7.jpg
e94a117d,e94a117d,1,captured_images\e94a117d.jpg
665cbb70,665cbb70,1,captured_images\665cbb70.jpg
493df679,493df679,1,captured_images\493df679.jpg
3d8efa0a,3d8efa0a,1,captured_images\3d8efa0a.jpg
d43857de,d43857de,1,captured_images\d43857de.jpg
4dc7f848,4dc7f848,1,captured_images\4dc7f848.jpg
f3b7fdd9,f3b7fdd9,1,captured_images\f3b7fdd9.jpg
5e34180b,5e34180b,1,captured_images\5e34180b.jpg
5f822635,5f822635,1,captured_images\5f822635.jpg
1ec32e71,1ec32e71,1,captured_images\1ec32e71.jpg
db05c6be,db05c6be,1,captured_images\db05c6be.jpg
c91a318c,c91a318c,1,captured_images\c91a318c.jpg
04bb7629,04bb7629,1,captured_images\04bb7629.jpg
ca5b7af6,ca5b7af6,1,captured_images\ca5b7af6.jpg
958a9fd2,958a9fd2,1,captured_images\958a9fd2.jpg
edb0b8fe,edb0b8fe,1,captured_images\edb0b8fe.jpg
3c7a100c,3c7a100c,1,captured_images\3c7a100c.jpg
8639f1bb,8639f1bb,1,captured_images\8639f1bb.jpg
57dc716b,57dc716b,1,captured_images\57dc716b.jpg
582191d8,582191d8,1,captured_images\582191d8.jpg
5252c4ff,5252c4ff,1,captured_images\5252c4ff.jpg
0be4bc5e,0be4bc5e,1,captured_images\0be4bc5e.jpg
521cad38,521cad38,1,captured_images\521cad38.jpg
23e6f60c,23e6f60c,1,captured_images\23e6f60c.jpg
59ca7d08,59ca7d08,1,captured_images\59ca7d08.jpg
925cdd76,925cdd76,1,captured_images\925cdd76.jpg
138e152f,138e152f,1,captured_images\138e152f.jpg
b7193060,b7193060,1,captured_images\b7193060.jpg
3a638d8e,3a638d8e,1,captured_images\3a638d8e.jpg
1e647809,1e647809,1,captured_images\1e647809.jpg
c7fee11c,c7fee11c,1,captured_images\c7fee11c.jpg
0ce599d4,0ce599d4,1,captured_images\0ce599d4.jpg
c43ca5a1,c43ca5a1,1,captured_images\c43ca5a1.jpg
6e87b384,6e87b384,1,captured_images\6e87b384.jpg
62a26825,62a26825,1,captured_images\62a26825.jpg
5941e4d4,5941e4d4,1,captured_images\5941e4d4.jpg
6495f3ed,6495f3ed,1,captured_images\6495f3ed.jpg
0c24635f,0c24635f,1,captured_images\0c24635f.jpg
07028cb5,07028cb5,1,captured_images\07028cb5.jpg
7c6b0a2d,7c6b0a2d,1,captured_images\7c6b0a2d.jpg
6774105d,6774105d,1,captured_images\6774105d.jpg
4029126a,4029126a,1,captured_images\4029126a.jpg
a0468b7a,a0468b7a,1,captured_images\a0468b7a.jpg
4ba17a46,4ba17a46,1,captured_images\4ba17a46.jpg
81a333fa,81a333fa,1,captured_images\81a333fa.jpg
1f39be19,1f39be19,1,captured_images\1f39be19.jpg
8f1ea5b0,8f1ea5b0,1,captured_images\8f1ea5b0.jpg
f15d4055,f15d4055,1,captured_images\f15d4055.jpg
70a96095,70a96095,1,captured_images\70a96095.jpg
98c667c6,98c667c6,1,captured_images\98c667c6.jpg
85689a11,85689a11,1,captured_images\85689a11.jpg
142087d5,142087d5,1,captured_images\142087d5.jpg
3a35ab6c,3a35ab6c,1,captured_images\3a35ab6c.jpg
49297154,49297154,1,captured_images\49297154.jpg
1c2ed0b4,1c2ed0b4,1,captured_images\1c2ed0b4.jpg
e729c279,e729c279,1,captured_images\e729c279.jpg
10a9bb8b,10a9bb8b,1,captured_images\10a9bb8b.jpg
e4096b5c,e4096b5c,1,captured_images\e4096b5c.jpg
eb0e0b8d,eb0e0b8d,1,captured_images\eb0e0b8d.jpg
3c10a7a0,3c10a7a0,1,captured_images\3c10a7a0.jpg
3eb98858,3eb98858,1,captured_images\3eb98858.jpg
60fc5479,60fc5479,1,captured_images\60fc5479.jpg
a7234296,a7234296,1,captured_images\a7234296.jpg
fe7051a0,fe7051a0,1,captured_images\fe7051a0.jpg
187bb1d4,187bb1d4,1,captured_images\187bb1d4.jpg
4ff8307e,4ff8307e,1,captured_images\4ff8307e.jpg
24a58fc9,24a58fc9,1,captured_images\24a58fc9.jpg
8944f858,8944f858,1,captured_images\8944f858.jpg
413e1c71,413e1c71,1,captured_images\413e1c71.jpg
7a7143ab,7a7143ab,1,captured_images\7a7143ab.jpg
d4c3634c,d4c3634c,1,captured_images\d4c3634c.jpg
b1b7ffbc,b1b7ffbc,1,captured_images\b1b7ffbc.jpg
28f4e083,28f4e083,1,captured_images\28f4e083.jpg
b8ec2bf4,b8ec2bf4,1,captured_images\b8ec2bf4.jpg
e57c6dae,e57c6dae,1,captured_images\e57c6dae.jpg
513f7110,513f7110,1,captured_images\513f7110.jpg
f4b7b576,f4b7b576,1,captured_images\f4b7b576.jpg
b407543d,b407543d,1,captured_images\b407543d.jpg
cf7b1b83,cf7b1b83,1,captured_images\cf7b1b83.jpg
4185bbe2,4185bbe2,1,captured_images\4185bbe2.jpg
78e49c86,78e49c86,1,captured_images\78e49c86.jpg
3f929e83,3f929e83,1,captured_images\3f929e83.jpg
56ff1834,56ff1834,1,captured_images\56ff1834.jpg
7a5127e0,7a5127e0,1,captured_images\7a5127e0.jpg
a4c3586b,a4c3586b,1,captured_images\a4c3586b.jpg
71258526,71258526,1,captured_images\71258526.jpg
19f4325f,19f4325f,1,captured_images\19f4325f.jpg
0ed71eed,0ed71eed,1,captured_images\0ed71eed.jpg
5850f1fa,5850f1fa,1,captured_images\5850f1fa.jpg
714e6b7a,714e6b7a,1,captured_images\714e6b7a.jpg
1dd04810,1dd04810,1,captured_images\1dd04810.jpg
0d0df350,0d0df350,1,captured_images\0d0df350.jpg
e128d2b1,e128d2b1,1,captured_images\e128d2b1.jpg
77466784,77466784,1,captured_images\77466784.jpg
8d970603,8d970603,1,captured_images\8d970603.jpg
511abbc6,511abbc6,1,captured_images\511abbc6.jpg
27fa6284,27fa6284,1,captured_images\27fa6284.jpg
7aafb3ee,7aafb3ee,1,captured_images\7aafb3ee.jpg
d4464d65,d4464d65,1,captured_images\d4464d65.jpg
2aebab3a,2aebab3a,1,captured_images\2aebab3a.jpg
a6e09a48,a6e09a48,1,captured_images\a6e09a48.jpg
8f17cddb,8f17cddb,1,captured_images\8f17cddb.jpg
11e891da,11e891da,1,captured_images\11e891da.jpg
95e7dc41,95e7dc41,1,captured_images\95e7dc41.jpg
58d053b8,58d053b8,1,captured_images\58d053b8.jpg
1b36f8db,1b36f8db,1,captured_images\1b36f8db.jpg
28ff5052,28ff5052,1,captured_images\28ff5052.jpg
b8040345,b8040345,1,captured_images\b8040345.jpg
34f37413,34f37413,1,captured_images\34f37413.jpg
28c507e2,28c507e2,1,captured_images\28c507e2.jpg
df640b6f,df640b6f,1,captured_images\df640b6f.jpg
7d482250,7d482250,1,captured_images\7d482250.jpg
d1c054e1,d1c054e1,1,captured_images\d1c054e1.jpg
34b842ff,34b842ff,1,captured_images\34b842ff.jpg
c9652731,c9652731,1,captured_images\c9652731.jpg
6384bea9,6384bea9,1,captured_images\6384bea9.jpg
a28f420d,a28f420d,1,captured_images\a28f420d.jpg
562fadef,562fadef,1,captured_images\562fadef.jpg
03270d53,03270d53,1,captured_images\03270d53.jpg
2de14435,2de14435,1,captured_images\2de14435.jpg
355e71ea,355e71ea,1,captured_images\355e71ea.jpg
01aa8c01,01aa8c01,1,captured_images\01aa8c01.jpg
7237d7bb,7237d7bb,1,captured_images\7237d7bb.jpg
9d58359c,9d58359c,1,captured_images\9d58359c.jpg
53db01e6,53db01e6,1,captured_images\53db01e6.jpg
d69d63ba,d69d63ba,1,captured_images\d69d63ba.jpg
29eb9478,29eb9478,1,captured_images\29eb9478.jpg
7d70a7af,7d70a7af,1,captured_images\7d70a7af.jpg
f284eb5f,f284eb5f,1,captured_images\f284eb5f.jpg
9743f230,9743f230,1,captured_images\9743f230.jpg
2479943,2479943,1,captured_images\02479943.jpg
f9d073c8,f9d073c8,1,captured_images\f9d073c8.jpg
985413fa,985413fa,1,captured_images\985413fa.jpg
04117b97,04117b97,1,captured_images\04117b97.jpg
25d33feb,25d33feb,1,captured_images\25d33feb.jpg
611cbc82,611cbc82,1,captured_images\611cbc82.jpg
d003faea,d003faea,1,captured_images\d003faea.jpg
52ad090e,52ad090e,1,captured_images\52ad090e.jpg
05513fc0,05513fc0,1,captured_images\05513fc0.jpg
ac74d9d2,ac74d9d2,1,captured_images\ac74d9d2.jpg
8c2b70b8,8c2b70b8,1,captured_images\8c2b70b8.jpg
a4d89e61,a4d89e61,1,captured_images\a4d89e61.jpg
8382655f,8382655f,1,captured_images\8382655f.jpg
77e2faf7,77e2faf7,1,captured_images\77e2faf7.jpg
8186047d,8186047d,1,captured_images\8186047d.jpg
c16fe262,c16fe262,1,captured_images\c16fe262.jpg
d77d6fea,d77d6fea,1,captured_images\d77d6fea.jpg
8de12a14,8de12a14,1,captured_images\8de12a14.jpg
8f46442a,8f46442a,1,captured_images\8f46442a.jpg
e0f9f028,e0f9f028,1,captured_images\e0f9f028.jpg
bc0c73aa,bc0c73aa,1,captured_images\bc0c73aa.jpg
39a06597,39a06597,1,captured_images\39a06597.jpg
311517bc,311517bc,1,captured_images\311517bc.jpg
eb474565,eb474565,1,captured_images\eb474565.jpg
3e631cff,3e631cff,1,captured_images\3e631cff.jpg
c7482c0e,c7482c0e,1,captured_images\c7482c0e.jpg
4488201a,4488201a,1,captured_images\4488201a.jpg
f87d1214,f87d1214,1,captured_images\f87d1214.jpg
b52f3f31,b52f3f31,1,captured_images\b52f3f31.jpg
c315f886,c315f886,1,captured_images\c315f886.jpg
e1582136,e1582136,1,captured_images\e1582136.jpg
62af1859,62af1859,1,captured_images\62af1859.jpg
bdee7702,bdee7702,1,captured_images\bdee7702.jpg
ff5fa6c6,ff5fa6c6,1,captured_images\ff5fa6c6.jpg
0710ce8d,0710ce8d,1,captured_images\0710ce8d.jpg
a6ba13ec,a6ba13ec,1,captured_images\a6ba13ec.jpg
5.22E+19,5.22E+19,1,captured_images\52207e15.jpg
860bb940,860bb940,1,captured_images\860bb940.jpg
8fdbe69a,8fdbe69a,1,captured_images\8fdbe69a.jpg
072aae2a,072aae2a,1,captured_images\072aae2a.jpg
6aaacc92,6aaacc92,1,captured_images\6aaacc92.jpg
71c85ceb,71c85ceb,1,captured_images\71c85ceb.jpg
ae757be2,ae757be2,1,captured_images\ae757be2.jpg
06b12ee9,06b12ee9,1,captured_images\06b12ee9.jpg
3b17a023,3b17a023,1,captured_images\3b17a023.jpg
d2958ff9,d2958ff9,1,captured_images\d2958ff9.jpg
3966d648,3966d648,1,captured_images\3966d648.jpg
018c8aef,018c8aef,1,captured_images\018c8aef.jpg
8d083526,8d083526,1,captured_images\8d083526.jpg
9dd6246d,9dd6246d,1,captured_images\9dd6246d.jpg
660bfc56,660bfc56,1,captured_images\660bfc56.jpg
1a7398f0,1a7398f0,1,captured_images\1a7398f0.jpg
00796ca3,00796ca3,1,captured_images\00796ca3.jpg
0afbb6ea,0afbb6ea,1,captured_images\0afbb6ea.jpg
8a936b94,8a936b94,1,captured_images\8a936b94.jpg
6aa3cf1c,6aa3cf1c,1,captured_images\6aa3cf1c.jpg
41cf1475,41cf1475,1,captured_images\41cf1475.jpg
aa38d8db,aa38d8db,1,captured_images\aa38d8db.jpg
fdd17efb,fdd17efb,1,captured_images\fdd17efb.jpg
c34bd658,c34bd658,1,captured_images\c34bd658.jpg
125bdb5f,125bdb5f,1,captured_images\125bdb5f.jpg
872dacbc,872dacbc,1,captured_images\872dacbc.jpg
2d90e4de,2d90e4de,1,captured_images\2d90e4de.jpg
6be4b63c,6be4b63c,1,captured_images\6be4b63c.jpg
69c167eb,69c167eb,1,captured_images\69c167eb.jpg
5d95c926,5d95c926,1,captured_images\5d95c926.jpg
ff8e47bc,ff8e47bc,1,captured_images\ff8e47bc.jpg
ead35170,ead35170,1,captured_images\ead35170.jpg
8fa85dae,8fa85dae,1,captured_images\8fa85dae.jpg
eb8b0e98,eb8b0e98,1,captured_images\eb8b0e98.jpg
dd85b9ec,dd85b9ec,1,captured_images\dd85b9ec.jpg
f6979f5a,f6979f5a,1,captured_images\f6979f5a.jpg
0d66203a,0d66203a,1,captured_images\0d66203a.jpg
8984a01b,8984a01b,1,captured_images\8984a01b.jpg
79a15afc,79a15afc,1,captured_images\79a15afc.jpg
04c182bd,04c182bd,1,captured_images\04c182bd.jpg
8fe29838,8fe29838,1,captured_images\8fe29838.jpg
83370098,83370098,1,captured_images\83370098.jpg
8f1feae8,8f1feae8,1,captured_images\8f1feae8.jpg
46d57286,46d57286,1,captured_images\46d57286.jpg
bcb17d97,bcb17d97,1,captured_images\bcb17d97.jpg
47a37863,47a37863,1,captured_images\47a37863.jpg
e4048ae7,e4048ae7,1,captured_images\e4048ae7.jpg
1bfcd953,1bfcd953,1,captured_images\1bfcd953.jpg
f69cd0db,f69cd0db,1,captured_images\f69cd0db.jpg
e588cac2,e588cac2,1,captured_images\e588cac2.jpg
cf345016,cf345016,1,captured_images\cf345016.jpg
e39b5633,e39b5633,1,captured_images\e39b5633.jpg
2f89fd4f,2f89fd4f,1,captured_images\2f89fd4f.jpg
6346314c,6346314c,1,captured_images\6346314c.jpg
8937216c,8937216c,1,captured_images\8937216c.jpg
5155014c,5155014c,1,captured_images\5155014c.jpg
e3435040,e3435040,1,captured_images\e3435040.jpg
03a44b38,03a44b38,1,captured_images\03a44b38.jpg
e61a416b,e61a416b,1,captured_images\e61a416b.jpg
6603fee6,6603fee6,1,captured_images\6603fee6.jpg
d8cd431c,d8cd431c,1,captured_images\d8cd431c.jpg
723e5186,723e5186,1,captured_images\723e5186.jpg
d7e1a51b,d7e1a51b,1,captured_images\d7e1a51b.jpg
af09bd1f,af09bd1f,1,captured_images\af09bd1f.jpg
0cc1d08d,0cc1d08d,1,captured_images\0cc1d08d.jpg
310fc3a3,310fc3a3,1,captured_images\310fc3a3.jpg
7808c7a6,7808c7a6,1,captured_images\7808c7a6.jpg
d2b1290c,d2b1290c,1,captured_images\d2b1290c.jpg
f5fdb9b6,f5fdb9b6,1,captured_images\f5fdb9b6.jpg
da800497,da800497,1,captured_images\da800497.jpg
36d604c9,36d604c9,1,captured_images\36d604c9.jpg
db3a22b3,db3a22b3,1,captured_images\db3a22b3.jpg
2a99885f,2a99885f,1,captured_images\2a99885f.jpg
28cadb12,28cadb12,1,captured_images\28cadb12.jpg
20be22e9,20be22e9,1,captured_images\20be22e9.jpg
de1ad9cd,de1ad9cd,1,captured_images\de1ad9cd.jpg
f6050be8,f6050be8,1,captured_images\f6050be8.jpg
b796536e,b796536e,1,captured_images\b796536e.jpg
b81dc3f6,b81dc3f6,1,captured_images\b81dc3f6.jpg
957f9987,957f9987,1,captured_images\957f9987.jpg
66743d04,66743d04,1,captured_images\66743d04.jpg
f90e486b,f90e486b,1,captured_images\f90e486b.jpg
e6316609,e6316609,1,captured_images\e6316609.jpg
963e1262,963e1262,1,captured_images\963e1262.jpg
4c509738,4c509738,1,captured_images\4c509738.jpg
c4682a94,c4682a94,1,captured_images\c4682a94.jpg
ffd163fe,ffd163fe,1,captured_images\ffd163fe.jpg
eb958647,eb958647,1,captured_images\eb958647.jpg
2e1e9312,2e1e9312,1,captured_images\2e1e9312.jpg
951eeecb,951eeecb,1,captured_images\951eeecb.jpg
6853b15c,6853b15c,1,captured_images\6853b15c.jpg
21211dac,21211dac,1,captured_images\21211dac.jpg
a0c203c9,a0c203c9,1,captured_images\a0c203c9.jpg
f3a6bc2c,f3a6bc2c,1,captured_images\f3a6bc2c.jpg
6da0d164,6da0d164,1,captured_images\6da0d164.jpg
a28c9efb,a28c9efb,1,captured_images\a28c9efb.jpg
ed49b992,ed49b992,1,captured_images\ed49b992.jpg
5b88a307,5b88a307,1,captured_images\5b88a307.jpg
36884af7,36884af7,1,captured_images\36884af7.jpg
4.90E+13,4.90E+13,1,captured_images\489916e8.jpg
e3de93a9,e3de93a9,1,captured_images\e3de93a9.jpg
9b35c291,9b35c291,1,captured_images\9b35c291.jpg
803f82fd,803f82fd,1,captured_images\803f82fd.jpg
21265b33,21265b33,1,captured_images\21265b33.jpg
c31e841a,c31e841a,1,captured_images\c31e841a.jpg
d35064ed,d35064ed,1,captured_images\d35064ed.jpg
8fee8588,8fee8588,1,captured_images\8fee8588.jpg
71f368b7,71f368b7,1,captured_images\71f368b7.jpg
b9fd44a7,b9fd44a7,1,captured_images\b9fd44a7.jpg
d9032ae8,d9032ae8,1,captured_images\d9032ae8.jpg
3e3f3694,3e3f3694,1,captured_images\3e3f3694.jpg
b262da0b,b262da0b,1,captured_images\b262da0b.jpg
7cd23841,7cd23841,1,captured_images\7cd23841.jpg
366a7b0c,366a7b0c,1,captured_images\366a7b0c.jpg
8ba587bc,8ba587bc,1,captured_images\8ba587bc.jpg
42acdaa1,42acdaa1,1,captured_images\42acdaa1.jpg
9621a460,9621a460,1,captured_images\9621a460.jpg
10afea42,10afea42,1,captured_images\10afea42.jpg
0710bb00,0710bb00,1,captured_images\0710bb00.jpg
12ece8ec,12ece8ec,1,captured_images\12ece8ec.jpg
c9ac2931,c9ac2931,1,captured_images\c9ac2931.jpg
78b37933,78b37933,1,captured_images\78b37933.jpg
543a52b0,543a52b0,1,captured_images\543a52b0.jpg
60fcae17,60fcae17,1,captured_images\60fcae17.jpg
8ca9092c,8ca9092c,1,captured_images\8ca9092c.jpg
c0e8f2dd,c0e8f2dd,1,captured_images\c0e8f2dd.jpg
3cb8c433,3cb8c433,1,captured_images\3cb8c433.jpg
b3fa4105,b3fa4105,1,captured_images\b3fa4105.jpg
eacc5d2b,eacc5d2b,1,captured_images\eacc5d2b.jpg
84361754,84361754,1,captured_images\84361754.jpg
0d941c8f,0d941c8f,1,captured_images\0d941c8f.jpg
f85bb785,f85bb785,1,captured_images\f85bb785.jpg
548b77ed,548b77ed,1,captured_images\548b77ed.jpg
77be66ee,77be66ee,1,captured_images\77be66ee.jpg
2.62E+13,2.62E+13,1,captured_images\261513e8.jpg
efdc03ee,efdc03ee,1,captured_images\efdc03ee.jpg
445c24df,445c24df,1,captured_images\445c24df.jpg
ffd5853c,ffd5853c,1,captured_images\ffd5853c.jpg
ea580613,ea580613,1,captured_images\ea580613.jpg
111e0402,111e0402,1,captured_images\111e0402.jpg
0d13fc21,0d13fc21,1,captured_images\0d13fc21.jpg
88733754,88733754,1,captured_images\88733754.jpg
bd99f83c,bd99f83c,1,captured_images\bd99f83c.jpg
52e56148,52e56148,1,captured_images\52e56148.jpg
29379b37,29379b37,1,captured_images\29379b37.jpg
94daadbd,94daadbd,1,captured_images\94daadbd.jpg
fc985018,fc985018,1,captured_images\fc985018.jpg
c7259807,c7259807,1,captured_images\c7259807.jpg
86a028e4,86a028e4,1,captured_images\86a028e4.jpg
c39c29c5,c39c29c5,1,captured_images\c39c29c5.jpg
6e3181f5,6e3181f5,1,captured_images\6e3181f5.jpg
2f4f34f4,2f4f34f4,1,captured_images\2f4f34f4.jpg
df61fb87,df61fb87,1,captured_images\df61fb87.jpg
20d03bb6,20d03bb6,1,captured_images\20d03bb6.jpg
9b63fcac,9b63fcac,1,captured_images\9b63fcac.jpg
90c82b53,90c82b53,1,captured_images\90c82b53.jpg
db37feb0,db37feb0,1,captured_images\db37feb0.jpg
91f43ad6,91f43ad6,1,captured_images\91f43ad6.jpg
63c49914,63c49914,1,captured_images\63c49914.jpg
920c4904,920c4904,1,captured_images\920c4904.jpg
24d29c85,24d29c85,1,captured_images\24d29c85.jpg
2b61270f,2b61270f,1,captured_images\2b61270f.jpg
36e56d0f,36e56d0f,1,captured_images\36e56d0f.jpg
cc62f200,cc62f200,1,captured_images\cc62f200.jpg
6def7370,6def7370,1,captured_images\6def7370.jpg
a6b3280f,a6b3280f,1,captured_images\a6b3280f.jpg
09a64b83,09a64b83,1,captured_images\09a64b83.jpg
e0af5e8f,e0af5e8f,1,captured_images\e0af5e8f.jpg
c5cdd9ee,c5cdd9ee,1,captured_images\c5cdd9ee.jpg
ac6f31db,ac6f31db,1,captured_images\ac6f31db.jpg
f0693a18,f0693a18,1,captured_images\f0693a18.jpg
811ce0cf,811ce0cf,1,captured_images\811ce0cf.jpg
df36e997,df36e997,1,captured_images\df36e997.jpg
8b662f6d,8b662f6d,1,captured_images\8b662f6d.jpg
fcbf360f,fcbf360f,1,captured_images\fcbf360f.jpg
bec33c62,bec33c62,1,captured_images\bec33c62.jpg
5aaa99f9,5aaa99f9,1,captured_images\5aaa99f9.jpg
e5df6129,e5df6129,1,captured_images\e5df6129.jpg
24f13966,24f13966,1,captured_images\24f13966.jpg
8bf26a3b,8bf26a3b,1,captured_images\8bf26a3b.jpg
10f438ad,10f438ad,1,captured_images\10f438ad.jpg
b9a00a2d,b9a00a2d,1,captured_images\b9a00a2d.jpg
eba34c72,eba34c72,1,captured_images\eba34c72.jpg
d10e36f8,d10e36f8,1,captured_images\d10e36f8.jpg
471fa15a,471fa15a,1,captured_images\471fa15a.jpg
541af9d8,541af9d8,1,captured_images\541af9d8.jpg
44582224,44582224,1,captured_images\44582224.jpg
9d9850b1,9d9850b1,1,captured_images\9d9850b1.jpg
6e754698,6e754698,1,captured_images\6e754698.jpg
1d0d6947,1d0d6947,1,captured_images\1d0d6947.jpg
291e3b41,291e3b41,1,captured_images\291e3b41.jpg
b1b8b1e0,b1b8b1e0,1,captured_images\b1b8b1e0.jpg
151f64e3,151f64e3,1,captured_images\151f64e3.jpg
9b517d2c,9b517d2c,1,captured_images\9b517d2c.jpg
4cc09751,4cc09751,1,captured_images\4cc09751.jpg
e0033a56,e0033a56,1,captured_images\e0033a56.jpg
bc1503f1,bc1503f1,1,captured_images\bc1503f1.jpg
3ea0a17e,3ea0a17e,1,captured_images\3ea0a17e.jpg
efc72805,efc72805,1,captured_images\efc72805.jpg
015c0cff,015c0cff,1,captured_images\015c0cff.jpg
d2ead695,d2ead695,1,captured_images\d2ead695.jpg
59a405f5,59a405f5,1,captured_images\59a405f5.jpg
9816cbd8,9816cbd8,1,captured_images\9816cbd8.jpg
83449470,83449470,1,captured_images\83449470.jpg
450baf60,450baf60,1,captured_images\450baf60.jpg
12a78029,12a78029,1,captured_images\12a78029.jpg
23cd738c,23cd738c,1,captured_images\23cd738c.jpg
b137dfa8,b137dfa8,1,captured_images\b137dfa8.jpg
436dea30,436dea30,1,captured_images\436dea30.jpg
632603b9,632603b9,1,captured_images\632603b9.jpg
d6002593,d6002593,1,captured_images\d6002593.jpg
f958a345,f958a345,1,captured_images\f958a345.jpg
a2c0d57e,a2c0d57e,1,captured_images\a2c0d57e.jpg
be034003,be034003,1,captured_images\be034003.jpg
d12c5ebe,d12c5ebe,1,captured_images\d12c5ebe.jpg
71deef2a,71deef2a,1,captured_images\71deef2a.jpg
4a131593,4a131593,1,captured_images\4a131593.jpg
291c430f,291c430f,1,captured_images\291c430f.jpg
b2b1a1fc,b2b1a1fc,1,captured_images\b2b1a1fc.jpg
524d1a21,524d1a21,1,captured_images\524d1a21.jpg
f127bf37,f127bf37,1,captured_images\f127bf37.jpg
95aa72ab,95aa72ab,1,captured_images\95aa72ab.jpg
236b7f2c,236b7f2c,1,captured_images\236b7f2c.jpg
6dc496df,6dc496df,1,captured_images\6dc496df.jpg
e83a8da6,e83a8da6,1,captured_images\e83a8da6.jpg
f515bf39,f515bf39,1,captured_images\f515bf39.jpg
483ef475,483ef475,1,captured_images\483ef475.jpg
5567751f,5567751f,1,captured_images\5567751f.jpg
44256bbb,44256bbb,1,captured_images\44256bbb.jpg
2e6b7538,2e6b7538,1,captured_images\2e6b7538.jpg
6646944a,6646944a,1,captured_images\6646944a.jpg
1aa289f3,1aa289f3,1,captured_images\1aa289f3.jpg
f6cbde1c,f6cbde1c,1,captured_images\f6cbde1c.jpg
208589f5,208589f5,1,captured_images\208589f5.jpg
26d7759c,26d7759c,1,captured_images\26d7759c.jpg
4b75b0a5,4b75b0a5,1,captured_images\4b75b0a5.jpg
6dabb414,6dabb414,1,captured_images\6dabb414.jpg
a86fdfda,a86fdfda,1,captured_images\a86fdfda.jpg
6a570381,6a570381,1,captured_images\6a570381.jpg
72f8957f,72f8957f,1,captured_images\72f8957f.jpg
a24137b6,a24137b6,1,captured_images\a24137b6.jpg
4af2d173,4af2d173,1,captured_images\4af2d173.jpg
225e7473,225e7473,1,captured_images\225e7473.jpg
35a1b4c8,35a1b4c8,1,captured_images\35a1b4c8.jpg
64e752eb,64e752eb,1,captured_images\64e752eb.jpg
14a968b6,14a968b6,1,captured_images\14a968b6.jpg
7696ff0d,7696ff0d,1,captured_images\7696ff0d.jpg
2750c909,2750c909,1,captured_images\2750c909.jpg
b4242022,b4242022,1,captured_images\b4242022.jpg
81039373,81039373,1,captured_images\81039373.jpg
9c329360,9c329360,1,captured_images\9c329360.jpg
b3efd71e,b3efd71e,1,captured_images\b3efd71e.jpg
b7a06059,b7a06059,1,captured_images\b7a06059.jpg
ae0da9a0,ae0da9a0,1,captured_images\ae0da9a0.jpg
5e38bcac,5e38bcac,1,captured_images\5e38bcac.jpg
5551b6f3,5551b6f3,1,captured_images\5551b6f3.jpg
a7ff2c4d,a7ff2c4d,1,captured_images\a7ff2c4d.jpg
63b24ff6,63b24ff6,1,captured_images\63b24ff6.jpg
1cc90db0,1cc90db0,1,captured_images\1cc90db0.jpg
c33ee105,c33ee105,1,captured_images\c33ee105.jpg
1cc1dd44,1cc1dd44,1,captured_images\1cc1dd44.jpg
975098d2,975098d2,1,captured_images\975098d2.jpg
1b2af608,1b2af608,1,captured_images\1b2af608.jpg
8cb3b73a,8cb3b73a,1,captured_images\8cb3b73a.jpg
1db66e3c,1db66e3c,1,captured_images\1db66e3c.jpg
ad4ded2e,ad4ded2e,1,captured_images\ad4ded2e.jpg
a7c41eab,a7c41eab,1,captured_images\a7c41eab.jpg
34317f79,34317f79,1,captured_images\34317f79.jpg
3e242ef8,3e242ef8,1,captured_images\3e242ef8.jpg
c875ee2c,c875ee2c,1,captured_images\c875ee2c.jpg
ea40ebe2,ea40ebe2,1,captured_images\ea40ebe2.jpg
954d7b8f,954d7b8f,1,captured_images\954d7b8f.jpg
ddad3a55,ddad3a55,1,captured_images\ddad3a55.jpg
c8053172,c8053172,1,captured_images\c8053172.jpg
b56f2ddd,b56f2ddd,1,captured_images\b56f2ddd.jpg
2aceac54,2aceac54,1,captured_images\2aceac54.jpg
2f346d94,2f346d94,1,captured_images\2f346d94.jpg
9343c396,9343c396,1,captured_images\9343c396.jpg
4ea4ffd7,4ea4ffd7,1,captured_images\4ea4ffd7.jpg
094c1aff,094c1aff,1,captured_images\094c1aff.jpg
74a1112d,74a1112d,1,captured_images\74a1112d.jpg
bd83c765,bd83c765,1,captured_images\bd83c765.jpg
30ccc48d,30ccc48d,1,captured_images\30ccc48d.jpg
c9111791,c9111791,1,captured_images\c9111791.jpg
6aa730d1,6aa730d1,1,captured_images\6aa730d1.jpg
3af0b803,3af0b803,1,captured_images\3af0b803.jpg
f4b655ae,f4b655ae,1,captured_images\f4b655ae.jpg
0488ed6b,0488ed6b,1,captured_images\0488ed6b.jpg
ea8e8c3e,ea8e8c3e,1,captured_images\ea8e8c3e.jpg
5714447e,5714447e,1,captured_images\5714447e.jpg
7fac1522,7fac1522,1,captured_images\7fac1522.jpg
48754ddd,48754ddd,1,captured_images\48754ddd.jpg
d144d4b6,d144d4b6,1,captured_images\d144d4b6.jpg
a02a4562,a02a4562,1,captured_images\a02a4562.jpg
3fae65bc,3fae65bc,1,captured_images\3fae65bc.jpg
65267ac7,65267ac7,1,captured_images\65267ac7.jpg
58f8b577,58f8b577,1,captured_images\58f8b577.jpg
e9f02901,e9f02901,1,captured_images\e9f02901.jpg
cd6c2c5b,cd6c2c5b,1,captured_images\cd6c2c5b.jpg
6ae97337,6ae97337,1,captured_images\6ae97337.jpg
af44904e,af44904e,1,captured_images\af44904e.jpg
a51d8ea0,a51d8ea0,1,captured_images\a51d8ea0.jpg
6b5000a0,6b5000a0,1,captured_images\6b5000a0.jpg
fd4f7e48,fd4f7e48,1,captured_images\fd4f7e48.jpg
93e00e33,93e00e33,1,captured_images\93e00e33.jpg
adae2f43,adae2f43,1,captured_images\adae2f43.jpg
08b618c4,08b618c4,1,captured_images\08b618c4.jpg
f76f7525,f76f7525,1,captured_images\f76f7525.jpg
c791897e,c791897e,1,captured_images\c791897e.jpg
97825c24,97825c24,1,captured_images\97825c24.jpg
1fdab916,1fdab916,1,captured_images\1fdab916.jpg
91abccc8,91abccc8,1,captured_images\91abccc8.jpg
d29d70fd,d29d70fd,1,captured_images\d29d70fd.jpg
ff8d0658,ff8d0658,1,captured_images\ff8d0658.jpg
e5dd3473,e5dd3473,1,captured_images\e5dd3473.jpg
62d4dac9,62d4dac9,1,captured_images\62d4dac9.jpg
12441c4d,12441c4d,1,captured_images\12441c4d.jpg
913dbba0,913dbba0,1,captured_images\913dbba0.jpg
4f745f3b,4f745f3b,1,captured_images\4f745f3b.jpg
a8012bb8,a8012bb8,1,captured_images\a8012bb8.jpg
c8e7e81e,c8e7e81e,1,captured_images\c8e7e81e.jpg
2cb07983,2cb07983,1,captured_images\2cb07983.jpg
194dc214,194dc214,1,captured_images\194dc214.jpg
eac5b0ab,eac5b0ab,1,captured_images\eac5b0ab.jpg
9502b80c,9502b80c,1,captured_images\9502b80c.jpg
90ae3419,90ae3419,1,captured_images\90ae3419.jpg
fe631e7e,fe631e7e,1,captured_images\fe631e7e.jpg
6f2242aa,6f2242aa,1,captured_images\6f2242aa.jpg
1daf8b7f,1daf8b7f,1,captured_images\1daf8b7f.jpg
e775198d,e775198d,1,captured_images\e775198d.jpg
964048c8,964048c8,1,captured_images\964048c8.jpg
02ba3e75,02ba3e75,1,captured_images\02ba3e75.jpg
5da921eb,5da921eb,1,captured_images\5da921eb.jpg
f28f1414,f28f1414,1,captured_images\f28f1414.jpg
71adfa2b,71adfa2b,1,captured_images\71adfa2b.jpg
99bb3929,99bb3929,1,captured_images\99bb3929.jpg
60582e8c,60582e8c,1,captured_images\60582e8c.jpg
e09c77c6,e09c77c6,1,captured_images\e09c77c6.jpg
799207ab,799207ab,1,captured_images\799207ab.jpg
f83aac5f,f83aac5f,1,captured_images\f83aac5f.jpg
